Name, ID, Game Mode, Latency, Scoreboard Team, Model Type, Session ID, Public Key
!A-f, 14447701-a5ae-2f19-b627-affd76e063c9, ADVENTURE, 1, null, WIDE
!A-l, 91752345-e59e-236c-beb0-725ca7da69f6, ADVENTURE, 1, null, WIDE
!B-c, 51f5446f-fb7f-2e13-bc53-5b3d148f6115, ADVENTURE, 1, null, WIDE
!A-q, 528f67ae-a1ba-2e69-89c1-586b00c5409e, ADVENTURE, 1, null, WIDE
!A-e, 6ab1d602-42ed-2bbd-9f13-c00c4f0b0bf2, ADVENTURE, 1, null, WIDE
!B-g, 40b5e8da-310b-2e24-817a-6ee7cc062bd0, ADVENTURE, 1, null, WIDE
!C-e, 94c81e8b-7350-2b97-8b14-9afa589889fc, ADVENTURE, 1, null, WIDE
!D-k, fa524b04-8bcd-2baa-9595-98ca7c326552, ADVENTURE, 1, null, WIDE
!A-k, b3b4eed4-b087-2638-a95a-c64cea83c35a, ADVENTURE, 1, null, WIDE
!D-b, 38e24339-64aa-2323-9f41-23f2cf2b09da, ADVENTURE, 1, null, WIDE
!C-h, 4b0e4793-0a60-2667-9a73-00b7d1ca0586, ADVENTURE, 1, null, WIDE
!A-m, aa3f3dec-301b-2e11-9722-68382cd29502, ADVENTURE, 1, null, WIDE
!D-r, 17dff706-31ce-2ce5-8155-747f63f5843b, ADVENTURE, 1, null, WIDE
!B-i, 8365f21b-d1e9-2558-9ab8-e25af550186a, ADVENTURE, 1, null, WIDE
!A-s, 5fb40d3e-73ce-2365-b60d-0ab2ba31dfb6, ADVENTURE, 1, null, WIDE
!C-i, 8ff91ced-ec99-2aed-8a93-355a5ed14765, ADVENTURE, 1, null, WIDE
!B-b, f91d239c-79ca-2fdc-9b52-f74ff8a8e93c, ADVENTURE, 1, null, WIDE
!C-s, 55fdcc40-a5d0-2d82-a1f1-efdb69e0763b, ADVENTURE, 1, null, WIDE
!B-h, b5171b35-aca1-2601-8e7d-16502e5309e3, ADVENTURE, 1, null, WIDE
Darkpriates, 375ed4f3-4148-4633-b019-88f451bdada6, ADVENTURE, 1, a90823650, WIDE
!C-k, a4933fe7-cc65-20c5-9bbe-8a85bc8cbe41, ADVENTURE, 1, null, WIDE
!D-f, bcd1930e-f263-2c23-b163-d8afd93df94b, ADVENTURE, 1, null, WIDE
!A-r, 73812c25-8089-2a5d-9027-1ed049e6db4b, ADVENTURE, 1, null, WIDE
!D-t, 5987a8ff-98cb-250d-b7f5-d3a31800e1c5, ADVENTURE, 1, null, WIDE
!C-n, 0785e464-d62a-2712-8a2f-e7088d0e2ec0, ADVENTURE, 1, null, WIDE
!C-a, bef3e06d-9667-2ac4-9895-9967663dafc0, ADVENTURE, 1, null, WIDE
!B-n, 78b84308-3197-20cc-aeca-dcb43146abe7, ADVENTURE, 1, null, WIDE
v2ms, 8db4ff29-70af-4456-b159-a2a0c24040e9, ADVENTURE, 1, a82827488, SLIM
!A-i, 28c731f8-1e82-2f5d-b179-bb354e4d85db, ADVENTURE, 1, null, WIDE
!C-g, c85ff515-7f8a-2ba2-b969-888a86d71568, ADVENTURE, 1, null, WIDE
!C-m, ab045a9e-644e-271f-a981-89e99444c3a4, ADVENTURE, 1, null, WIDE
!D-o, 2e35884c-2a56-2b0d-a633-2d987ff7b63a, ADVENTURE, 1, null, WIDE
niklasp523, 3b9e160c-764f-483d-ad75-b3209504b7f4, ADVENTURE, 1, a90827589, SLIM
!D-i, 93364ece-2f57-2d96-8245-c930fb28a022, ADVENTURE, 1, null, WIDE
!A-t, d4884316-8fbd-27c4-ad37-51cca3af7afb, ADVENTURE, 1, null, WIDE
Vigge123Master, 794cf97a-5ecf-47a1-8947-30feb94ad8e2, ADVENTURE, 1, a82827200, WIDE
!C-p, 296cee18-af6e-27d6-a6c7-3433ccdf99ad, ADVENTURE, 1, null, WIDE
graysonstanley7, 83546d98-84ca-411f-adcb-d7e52e912fe8, ADVENTURE, 1, a82827386, WIDE
!C-c, 6adca285-1b3b-2030-8182-24af5b2f7000, ADVENTURE, 1, null, WIDE
Skyller_Tea, b4ba0029-ba47-4617-8fff-eb206bfcc0b2, ADVENTURE, 1, a81823645, WIDE
!C-o, 07b86703-9783-2e4f-b6f6-624697b89f2d, ADVENTURE, 1, null, WIDE
!D-g, 519c6c50-a900-2e96-a8c9-600d33356fff, ADVENTURE, 1, null, WIDE
!A-c, edfa4c2e-df71-2ab7-90c3-94e180f28b97, ADVENTURE, 1, null, WIDE
!C-t, 4c0f8fe9-94ee-2d7b-923e-ef97976a5ee5, ADVENTURE, 1, null, WIDE
!C-q, 0a398590-7041-2ca9-a44f-05d4b43bb5b7, ADVENTURE, 1, null, WIDE
NETHER_LORD_MAR, 70e5f069-b38e-4127-af80-0c5fe772f9d0, ADVENTURE, 1, a90827241, WIDE
!A-h, 856b5fc2-70e0-2be3-92f7-143f85137f28, ADVENTURE, 1, null, WIDE
!A-o, 02ad1bf2-5773-21b2-9af7-af61ce263a74, ADVENTURE, 1, null, WIDE
!C-f, c57e690f-f2f6-290d-8982-2dbcd787cc69, ADVENTURE, 1, null, WIDE
!D-m, da7a2742-69a9-2a03-aae3-54b27e199481, ADVENTURE, 1, null, WIDE
U55R5, 028e5a47-fcc2-4a45-bf9c-f3e0614ea621, ADVENTURE, 1, a90824505, WIDE
!A-j, 16a59eb1-a2ac-23e0-8ea8-31c82ffdda9b, ADVENTURE, 1, null, WIDE
!D-j, c5fcd56d-dd86-2d6f-b5ef-519f0dba39d7, ADVENTURE, 1, null, WIDE
!A-g, 034da09c-d405-258b-a2fc-cb11d386ee53, ADVENTURE, 1, null, WIDE
!D-p, a6e02b8e-8251-2ef1-95e6-d85af1bef2a0, ADVENTURE, 1, null, WIDE
!B-a, d7df2476-7ea2-20d1-a61a-e0b635b646b1, ADVENTURE, 1, null, WIDE
!D-d, 396dc254-defa-21f9-8977-1d0d73404e74, ADVENTURE, 1, null, WIDE
!C-b, 687818d7-f8a6-26a5-a95a-d915d3ddf44b, ADVENTURE, 1, null, WIDE
!C-l, 7eba5141-6fd8-2967-97c4-3d3cedd2d912, ADVENTURE, 1, null, WIDE
Enuyy, 7f114a2a-1aa5-4ec6-805f-8497285d6cb0, ADVENTURE, 1, a81827282, SLIM
Swofty, 8fc7011b-e7a7-4e51-a80d-29d7b6dd7952, SURVIVAL, 1, a62923663, WIDE
!B-l, 41a3f867-5c01-2e64-b66e-63010b8705c9, ADVENTURE, 1, null, WIDE
!D-a, 05b76ba8-5545-27de-b2af-e20524f81856, ADVENTURE, 1, null, WIDE
!C-j, 0cbe7df0-fdda-2d9c-b881-ebdefc05c6d6, ADVENTURE, 1, null, WIDE
!C-r, 23d838aa-d0c9-2b04-b402-67710ee794ad, ADVENTURE, 1, null, WIDE
!A-a, e5f003be-6597-2e07-94e2-d3e4c140061f, ADVENTURE, 1, null, WIDE
CandyWombat, b29fb706-2512-4407-bc34-65d233d60737, ADVENTURE, 1, a60925697, WIDE
!D-l, e3422450-1cae-23a1-affd-152f088288c0, ADVENTURE, 1, null, WIDE
!D-e, fd727036-1976-2ef8-ab6e-d6addef05377, ADVENTURE, 1, null, WIDE
!A-p, 328c5376-ccfa-2de4-8855-99f4ee93d946, ADVENTURE, 1, null, WIDE
!D-q, 096ff1bb-9668-2c0b-a278-a7e45398b326, ADVENTURE, 1, null, WIDE
!B-r, 00a0ca52-4da3-26f1-ac84-eb7d43163bd7, ADVENTURE, 1, null, WIDE
!D-h, c5414e99-1400-2372-bdbc-92446e1665dc, ADVENTURE, 1, null, WIDE
th30n1yn00b, 4ffb3e9f-c4c1-4afa-a73a-e50dae1b16ea, ADVENTURE, 1, a90825046, WIDE
mqyzn, dd61f14b-51e6-4bcf-9340-eedb5758a762, ADVENTURE, 1, a90826519, SLIM
!B-o, a3ac2d69-a4c1-2300-b374-77dcf73bc531, ADVENTURE, 1, null, WIDE
Lapin0503, 56be4a24-2248-4013-9a04-ecfe54154f89, ADVENTURE, 1, a67926682, WIDE
polski_dezerter, 42c64321-3426-4a58-b983-bf730e67dca9, ADVENTURE, 1, a90827671, WIDE
!A-b, 5f372947-9bac-217d-8541-b305a55aec17, ADVENTURE, 1, null, WIDE
!B-p, cf89a0e9-806c-26e9-aace-9581378df88c, ADVENTURE, 1, null, WIDE
Fun4MM, d966d0ee-032e-4e21-bfb9-1983e5612c70, ADVENTURE, 1, a90827139, WIDE
!D-s, 176e696e-6f5b-2c1b-87e2-cdf1e0a8a256, ADVENTURE, 1, null, WIDE
!D-n, b86afeeb-be74-24ea-b6c8-6b27e40d314d, ADVENTURE, 1, null, WIDE
xXFifekXx, b2f60a74-0fef-4aee-975f-f6d00a23159f, ADVENTURE, 1, a90827630, WIDE
!B-q, 108b291a-5a43-2b12-82f0-ef8e1a186510, ADVENTURE, 1, null, WIDE
!D-c, 4b5417e3-98f3-21ba-9644-c529a54b1b61, ADVENTURE, 1, null, WIDE
!A-d, 240eb2e8-32f2-2e75-9aca-557b9a8a9fe0, ADVENTURE, 1, null, WIDE
YTiliaYT, 8604c1ed-41cf-43e3-b21b-f7aa77043ab6, ADVENTURE, 1, a90827548, WIDE
!B-s, 3cbd9684-b08b-230d-919b-d354f71cfda4, ADVENTURE, 1, null, WIDE
!A-n, 3a3cfdaf-16ae-223b-ab70-d6b259095a04, ADVENTURE, 1, null, WIDE
SpartanLI10, 34a45e2f-577c-420a-be86-eaa0408a3b98, ADVENTURE, 1, a90827753, WIDE
!B-e, 54455155-d3f1-20a8-8fe6-d83a00c3919b, ADVENTURE, 1, null, WIDE
Gh0stB3rries, c5642272-52ff-4e9c-9ef3-aaed899c5739, ADVENTURE, 1, a61927712, WIDE
THECarlBH, 58190fa4-02e0-470b-a3a3-2bffa8f8963d, ADVENTURE, 1, a81824298, WIDE
!B-t, 9cd8db03-c9db-24b8-a4eb-3793982b033a, ADVENTURE, 1, null, WIDE
!B-m, fcf44297-4583-21da-930c-55ab2a4e7a07, ADVENTURE, 1, null, WIDE
!B-f, d67c33fb-3cde-2421-953c-5333355271fb, ADVENTURE, 1, null, WIDE
!B-d, 46024ddb-1995-28c3-bc7e-9866469886e4, ADVENTURE, 1, null, WIDE
!B-j, 94b90bbf-a063-25eb-99a5-b4dc1ff721f2, ADVENTURE, 1, null, WIDE
!B-k, a58a82be-06fe-2b7f-bbbe-3ccda6e366d6, ADVENTURE, 1, null, WIDE
!C-d, 4894d104-b3b7-21c1-9711-cdd862fcf427, ADVENTURE, 1, null, WIDE
